{ "compressionlevel":-1,
 "height":8,
 "infinite":false,
 "layers":[
        {
         "data":[6, 6, 6, 6, 6, 6, 6, 6, 6, 1, 1, 1, 3, 3, 3, 6, 6, 1, 1, 1, 3, 3, 3, 6, 6, 1, 1, 1, 3, 3, 3, 6, 6, 1, 1, 1, 3, 3, 3, 4, 6, 3, 3, 3, 3, 3, 3, 6, 6, 3, 3, 3, 3, 3, 3, 6, 6, 6, 6, 6, 6, 6, 6, 6],
         "height":8,
         "id":1,
         "name":"Tilelaag 1",
         "opacity":1,
         "type":"tilelayer",
         "visible":true,
         "width":8,
         "x":0,
         "y":0
        }],
 "nextlayerid":2,
 "nextobjectid":1,
 "orientation":"isometric",
 "renderorder":"right-down",
 "tiledversion":"1.7.1",
 "tileheight":64,
 "tilesets":[
        {
         "firstgid":1,
         "source":"Tileset2.tsx"
        }],
 "tilewidth":128,
 "type":"map",
 "version":"1.6",
 "width":8
}