<?xml version="1.0" encoding="UTF-8" standalone="no"?>
<!--Created using Glyph Designer - http://www.71squared.com/glyphdesigner-->
<font>
    <info face="Arial" size="18" bold="0" italic="0" chasrset="" unicode="0" stretchH="100" smooth="1" aa="1" padding="0,0,0,0" spacing="2,2"/>
    <common lineHeight="22" base="16" scaleW="256" scaleH="128" pages="1" packed="0"/>
    <pages>
        <page id="0" file="font.png"/>
    </pages>
    <chars count="95">
        <char id="32" x="212" y="108" width="0" height="0" xoffset="0" yoffset="18" xadvance="5" page="0" chnl="0" letter="space"/>
        <char id="33" x="14" y="88" width="7" height="18" xoffset="2" yoffset="0" xadvance="5" page="0" chnl="0" letter="!"/>
        <char id="34" x="116" y="108" width="10" height="10" xoffset="1" yoffset="0" xadvance="6" page="0" chnl="0" letter="&quot;"/>
        <char id="35" x="38" y="26" width="15" height="19" xoffset="0" yoffset="-1" xadvance="10" page="0" chnl="0" letter="#"/>
        <char id="36" x="118" y="2" width="14" height="21" xoffset="1" yoffset="-1" xadvance="10" page="0" chnl="0" letter="$"/>
        <char id="37" x="154" y="2" width="19" height="19" xoffset="1" yoffset="-1" xadvance="16" page="0" chnl="0" letter="%"/>
        <char id="38" x="233" y="2" width="16" height="19" xoffset="1" yoffset="-1" xadvance="12" page="0" chnl="0" letter="&amp;"/>
        <char id="39" x="128" y="108" width="7" height="10" xoffset="1" yoffset="0" xadvance="3" page="0" chnl="0" letter="'"/>
        <char id="40" x="52" y="2" width="10" height="22" xoffset="1" yoffset="0" xadvance="6" page="0" chnl="0" letter="("/>
        <char id="41" x="64" y="2" width="10" height="22" xoffset="1" yoffset="0" xadvance="6" page="0" chnl="0" letter=")"/>
        <char id="42" x="103" y="108" width="11" height="11" xoffset="1" yoffset="-1" xadvance="7" page="0" chnl="0" letter="*"/>
        <char id="43" x="56" y="108" width="14" height="14" xoffset="1" yoffset="2" xadvance="11" page="0" chnl="0" letter="+"/>
        <char id="44" x="137" y="108" width="7" height="10" xoffset="1" yoffset="11" xadvance="5" page="0" chnl="0" letter=","/>
        <char id="45" x="191" y="108" width="10" height="7" xoffset="1" yoffset="7" xadvance="6" page="0" chnl="0" letter="-"/>
        <char id="46" x="203" y="108" width="7" height="7" xoffset="2" yoffset="11" xadvance="5" page="0" chnl="0" letter="."/>
        <char id="47" x="17" y="47" width="11" height="19" xoffset="0" yoffset="-1" xadvance="5" page="0" chnl="0" letter="/"/>
        <char id="48" x="135" y="26" width="14" height="19" xoffset="1" yoffset="-1" xadvance="10" page="0" chnl="0" letter="0"/>
        <char id="49" x="233" y="68" width="10" height="18" xoffset="2" yoffset="0" xadvance="10" page="0" chnl="0" letter="1"/>
        <char id="50" x="123" y="68" width="14" height="18" xoffset="1" yoffset="0" xadvance="10" page="0" chnl="0" letter="2"/>
        <char id="51" x="151" y="26" width="14" height="19" xoffset="1" yoffset="-1" xadvance="10" page="0" chnl="0" letter="3"/>
        <char id="52" x="107" y="68" width="14" height="18" xoffset="0" yoffset="0" xadvance="10" page="0" chnl="0" letter="4"/>
        <char id="53" x="139" y="68" width="14" height="18" xoffset="1" yoffset="0" xadvance="10" page="0" chnl="0" letter="5"/>
        <char id="54" x="87" y="26" width="14" height="19" xoffset="1" yoffset="-1" xadvance="10" page="0" chnl="0" letter="6"/>
        <char id="55" x="171" y="68" width="14" height="18" xoffset="1" yoffset="0" xadvance="10" page="0" chnl="0" letter="7"/>
        <char id="56" x="103" y="26" width="14" height="19" xoffset="1" yoffset="-1" xadvance="10" page="0" chnl="0" letter="8"/>
        <char id="57" x="71" y="26" width="14" height="19" xoffset="1" yoffset="-1" xadvance="10" page="0" chnl="0" letter="9"/>
        <char id="58" x="15" y="108" width="7" height="15" xoffset="2" yoffset="3" xadvance="5" page="0" chnl="0" letter=":"/>
        <char id="59" x="50" y="88" width="7" height="17" xoffset="1" yoffset="4" xadvance="5" page="0" chnl="0" letter=";"/>
        <char id="60" x="24" y="108" width="14" height="14" xoffset="1" yoffset="2" xadvance="11" page="0" chnl="0" letter="&lt;"/>
        <char id="61" x="87" y="108" width="14" height="11" xoffset="1" yoffset="3" xadvance="11" page="0" chnl="0" letter="="/>
        <char id="62" x="40" y="108" width="14" height="14" xoffset="1" yoffset="2" xadvance="11" page="0" chnl="0" letter="&gt;"/>
        <char id="63" x="167" y="26" width="14" height="19" xoffset="1" yoffset="-1" xadvance="10" page="0" chnl="0" letter="?"/>
        <char id="64" x="2" y="2" width="22" height="22" xoffset="1" yoffset="0" xadvance="18" page="0" chnl="0" letter="@"/>
        <char id="65" x="100" y="47" width="18" height="18" xoffset="-0" yoffset="0" xadvance="12" page="0" chnl="0" letter="A"/>
        <char id="66" x="56" y="68" width="15" height="18" xoffset="1" yoffset="0" xadvance="12" page="0" chnl="0" letter="B"/>
        <char id="67" x="214" y="2" width="17" height="19" xoffset="1" yoffset="-1" xadvance="13" page="0" chnl="0" letter="C"/>
        <char id="68" x="214" y="47" width="16" height="18" xoffset="1" yoffset="0" xadvance="13" page="0" chnl="0" letter="D"/>
        <char id="69" x="90" y="68" width="15" height="18" xoffset="1" yoffset="0" xadvance="12" page="0" chnl="0" letter="E"/>
        <char id="70" x="155" y="68" width="14" height="18" xoffset="1" yoffset="0" xadvance="11" page="0" chnl="0" letter="F"/>
        <char id="71" x="195" y="2" width="17" height="19" xoffset="1" yoffset="-1" xadvance="14" page="0" chnl="0" letter="G"/>
        <char id="72" x="38" y="68" width="16" height="18" xoffset="1" yoffset="0" xadvance="13" page="0" chnl="0" letter="H"/>
        <char id="73" x="23" y="88" width="7" height="18" xoffset="2" yoffset="0" xadvance="5" page="0" chnl="0" letter="I"/>
        <char id="74" x="2" y="47" width="13" height="19" xoffset="0" yoffset="-1" xadvance="9" page="0" chnl="0" letter="J"/>
        <char id="75" x="196" y="47" width="16" height="18" xoffset="1" yoffset="0" xadvance="12" page="0" chnl="0" letter="K"/>
        <char id="76" x="187" y="68" width="14" height="18" xoffset="1" yoffset="0" xadvance="10" page="0" chnl="0" letter="L"/>
        <char id="77" x="80" y="47" width="18" height="18" xoffset="1" yoffset="0" xadvance="15" page="0" chnl="0" letter="M"/>
        <char id="78" x="232" y="47" width="16" height="18" xoffset="1" yoffset="0" xadvance="13" page="0" chnl="0" letter="N"/>
        <char id="79" x="175" y="2" width="18" height="19" xoffset="1" yoffset="-1" xadvance="14" page="0" chnl="0" letter="O"/>
        <char id="80" x="73" y="68" width="15" height="18" xoffset="1" yoffset="0" xadvance="12" page="0" chnl="0" letter="P"/>
        <char id="81" x="134" y="2" width="18" height="20" xoffset="1" yoffset="-1" xadvance="14" page="0" chnl="0" letter="Q"/>
        <char id="82" x="177" y="47" width="17" height="18" xoffset="1" yoffset="0" xadvance="13" page="0" chnl="0" letter="R"/>
        <char id="83" x="2" y="26" width="16" height="19" xoffset="1" yoffset="-1" xadvance="12" page="0" chnl="0" letter="S"/>
        <char id="84" x="2" y="68" width="16" height="18" xoffset="0" yoffset="0" xadvance="11" page="0" chnl="0" letter="T"/>
        <char id="85" x="20" y="26" width="16" height="19" xoffset="1" yoffset="-1" xadvance="13" page="0" chnl="0" letter="U"/>
        <char id="86" x="139" y="47" width="17" height="18" xoffset="0" yoffset="0" xadvance="12" page="0" chnl="0" letter="V"/>
        <char id="87" x="56" y="47" width="22" height="18" xoffset="0" yoffset="0" xadvance="17" page="0" chnl="0" letter="W"/>
        <char id="88" x="120" y="47" width="17" height="18" xoffset="0" yoffset="0" xadvance="12" page="0" chnl="0" letter="X"/>
        <char id="89" x="158" y="47" width="17" height="18" xoffset="0" yoffset="0" xadvance="12" page="0" chnl="0" letter="Y"/>
        <char id="90" x="20" y="68" width="16" height="18" xoffset="0" yoffset="0" xadvance="11" page="0" chnl="0" letter="Z"/>
        <char id="91" x="87" y="2" width="9" height="22" xoffset="1" yoffset="0" xadvance="5" page="0" chnl="0" letter="["/>
        <char id="92" x="30" y="47" width="11" height="19" xoffset="0" yoffset="-1" xadvance="5" page="0" chnl="0" letter="\"/>
        <char id="93" x="98" y="2" width="9" height="22" xoffset="0" yoffset="0" xadvance="5" page="0" chnl="0" letter="]"/>
        <char id="94" x="72" y="108" width="13" height="13" xoffset="0" yoffset="-1" xadvance="8" page="0" chnl="0" letter="^"/>
        <char id="95" x="173" y="108" width="16" height="7" xoffset="-0" yoffset="15" xadvance="10" page="0" chnl="0" letter="_"/>
        <char id="96" x="162" y="108" width="9" height="8" xoffset="1" yoffset="0" xadvance="6" page="0" chnl="0" letter="`"/>
        <char id="97" x="131" y="88" width="14" height="15" xoffset="1" yoffset="3" xadvance="10" page="0" chnl="0" letter="a"/>
        <char id="98" x="183" y="26" width="14" height="19" xoffset="1" yoffset="-1" xadvance="10" page="0" chnl="0" letter="b"/>
        <char id="99" x="147" y="88" width="14" height="15" xoffset="1" yoffset="3" xadvance="9" page="0" chnl="0" letter="c"/>
        <char id="100" x="199" y="26" width="14" height="19" xoffset="1" yoffset="-1" xadvance="10" page="0" chnl="0" letter="d"/>
        <char id="101" x="115" y="88" width="14" height="15" xoffset="1" yoffset="3" xadvance="10" page="0" chnl="0" letter="e"/>
        <char id="102" x="43" y="47" width="11" height="19" xoffset="0" yoffset="-1" xadvance="5" page="0" chnl="0" letter="f"/>
        <char id="103" x="55" y="26" width="14" height="19" xoffset="1" yoffset="3" xadvance="10" page="0" chnl="0" letter="g"/>
        <char id="104" x="218" y="68" width="13" height="18" xoffset="1" yoffset="0" xadvance="10" page="0" chnl="0" letter="h"/>
        <char id="105" x="32" y="88" width="7" height="18" xoffset="1" yoffset="0" xadvance="4" page="0" chnl="0" letter="i"/>
        <char id="106" x="76" y="2" width="9" height="22" xoffset="-1" yoffset="0" xadvance="4" page="0" chnl="0" letter="j"/>
        <char id="107" x="203" y="68" width="13" height="18" xoffset="1" yoffset="0" xadvance="9" page="0" chnl="0" letter="k"/>
        <char id="108" x="41" y="88" width="7" height="18" xoffset="1" yoffset="0" xadvance="4" page="0" chnl="0" letter="l"/>
        <char id="109" x="79" y="88" width="18" height="15" xoffset="1" yoffset="3" xadvance="15" page="0" chnl="0" letter="m"/>
        <char id="110" x="226" y="88" width="13" height="15" xoffset="1" yoffset="3" xadvance="10" page="0" chnl="0" letter="n"/>
        <char id="111" x="99" y="88" width="14" height="15" xoffset="1" yoffset="3" xadvance="10" page="0" chnl="0" letter="o"/>
        <char id="112" x="215" y="26" width="14" height="19" xoffset="1" yoffset="3" xadvance="10" page="0" chnl="0" letter="p"/>
        <char id="113" x="231" y="26" width="14" height="19" xoffset="1" yoffset="3" xadvance="10" page="0" chnl="0" letter="q"/>
        <char id="114" x="2" y="108" width="11" height="15" xoffset="1" yoffset="3" xadvance="6" page="0" chnl="0" letter="r"/>
        <char id="115" x="211" y="88" width="13" height="15" xoffset="1" yoffset="3" xadvance="9" page="0" chnl="0" letter="s"/>
        <char id="116" x="2" y="88" width="10" height="18" xoffset="0" yoffset="0" xadvance="5" page="0" chnl="0" letter="t"/>
        <char id="117" x="241" y="88" width="13" height="15" xoffset="1" yoffset="3" xadvance="10" page="0" chnl="0" letter="u"/>
        <char id="118" x="179" y="88" width="14" height="15" xoffset="0" yoffset="3" xadvance="9" page="0" chnl="0" letter="v"/>
        <char id="119" x="59" y="88" width="18" height="15" xoffset="0" yoffset="3" xadvance="13" page="0" chnl="0" letter="w"/>
        <char id="120" x="163" y="88" width="14" height="15" xoffset="0" yoffset="3" xadvance="9" page="0" chnl="0" letter="x"/>
        <char id="121" x="119" y="26" width="14" height="19" xoffset="0" yoffset="3" xadvance="9" page="0" chnl="0" letter="y"/>
        <char id="122" x="195" y="88" width="14" height="15" xoffset="0" yoffset="3" xadvance="9" page="0" chnl="0" letter="z"/>
        <char id="123" x="26" y="2" width="11" height="22" xoffset="1" yoffset="0" xadvance="6" page="0" chnl="0" letter="{"/>
        <char id="124" x="109" y="2" width="7" height="22" xoffset="2" yoffset="0" xadvance="5" page="0" chnl="0" letter="|"/>
        <char id="125" x="39" y="2" width="11" height="22" xoffset="0" yoffset="0" xadvance="6" page="0" chnl="0" letter="}"/>
        <char id="126" x="146" y="108" width="14" height="8" xoffset="1" yoffset="5" xadvance="11" page="0" chnl="0" letter="~"/>
    </chars>
    <kernings count="82">
        <kerning first="32" second="65" amount="-1"/>
        <kerning first="32" second="92" amount="-1"/>
        <kerning first="33" second="102" amount="-1"/>
        <kerning first="47" second="52" amount="-1"/>
        <kerning first="49" second="49" amount="-1"/>
        <kerning first="62" second="35" amount="-1"/>
        <kerning first="63" second="126" amount="-1"/>
        <kerning first="64" second="42" amount="-1"/>
        <kerning first="65" second="32" amount="-1"/>
        <kerning first="65" second="84" amount="-1"/>
        <kerning first="65" second="86" amount="-1"/>
        <kerning first="65" second="87" amount="-1"/>
        <kerning first="65" second="89" amount="-1"/>
        <kerning first="70" second="44" amount="-2"/>
        <kerning first="70" second="46" amount="-2"/>
        <kerning first="70" second="65" amount="-1"/>
        <kerning first="76" second="32" amount="-1"/>
        <kerning first="76" second="84" amount="-1"/>
        <kerning first="76" second="86" amount="-1"/>
        <kerning first="76" second="87" amount="-1"/>
        <kerning first="76" second="89" amount="-1"/>
        <kerning first="76" second="121" amount="-1"/>
        <kerning first="79" second="82" amount="-1"/>
        <kerning first="79" second="102" amount="-1"/>
        <kerning first="80" second="44" amount="-2"/>
        <kerning first="80" second="46" amount="-2"/>
        <kerning first="80" second="62" amount="-1"/>
        <kerning first="80" second="65" amount="-1"/>
        <kerning first="84" second="44" amount="-2"/>
        <kerning first="84" second="45" amount="-1"/>
        <kerning first="84" second="46" amount="-2"/>
        <kerning first="84" second="58" amount="-2"/>
        <kerning first="84" second="59" amount="-2"/>
        <kerning first="84" second="65" amount="-1"/>
        <kerning first="84" second="97" amount="-2"/>
        <kerning first="84" second="99" amount="-2"/>
        <kerning first="84" second="101" amount="-2"/>
        <kerning first="84" second="105" amount="-1"/>
        <kerning first="84" second="111" amount="-2"/>
        <kerning first="84" second="114" amount="-1"/>
        <kerning first="84" second="115" amount="-2"/>
        <kerning first="84" second="117" amount="-1"/>
        <kerning first="84" second="119" amount="-1"/>
        <kerning first="84" second="121" amount="-1"/>
        <kerning first="86" second="44" amount="-2"/>
        <kerning first="86" second="45" amount="-1"/>
        <kerning first="86" second="46" amount="-2"/>
        <kerning first="86" second="58" amount="-1"/>
        <kerning first="86" second="59" amount="-1"/>
        <kerning first="86" second="65" amount="-1"/>
        <kerning first="86" second="97" amount="-1"/>
        <kerning first="86" second="101" amount="-1"/>
        <kerning first="86" second="111" amount="-1"/>
        <kerning first="86" second="114" amount="-1"/>
        <kerning first="86" second="117" amount="-1"/>
        <kerning first="86" second="121" amount="-1"/>
        <kerning first="87" second="44" amount="-1"/>
        <kerning first="87" second="46" amount="-1"/>
        <kerning first="87" second="65" amount="-1"/>
        <kerning first="87" second="97" amount="-1"/>
        <kerning first="89" second="44" amount="-2"/>
        <kerning first="89" second="45" amount="-2"/>
        <kerning first="89" second="46" amount="-2"/>
        <kerning first="89" second="58" amount="-1"/>
        <kerning first="89" second="59" amount="-1"/>
        <kerning first="89" second="65" amount="-1"/>
        <kerning first="89" second="97" amount="-1"/>
        <kerning first="89" second="101" amount="-2"/>
        <kerning first="89" second="105" amount="-1"/>
        <kerning first="89" second="111" amount="-2"/>
        <kerning first="89" second="112" amount="-1"/>
        <kerning first="89" second="113" amount="-2"/>
        <kerning first="89" second="117" amount="-1"/>
        <kerning first="89" second="118" amount="-1"/>
        <kerning first="114" second="44" amount="-1"/>
        <kerning first="114" second="46" amount="-1"/>
        <kerning first="118" second="44" amount="-1"/>
        <kerning first="118" second="46" amount="-1"/>
        <kerning first="119" second="44" amount="-1"/>
        <kerning first="119" second="46" amount="-1"/>
        <kerning first="121" second="44" amount="-1"/>
        <kerning first="121" second="46" amount="-1"/>
    </kernings>
</font>